<locations>
	<!-- Restaurants -->
	<entry>
		<code>R1</code>
		<title>UCC Central (Main Rest)</title>
		<type>Rest</type>
		<latitude>51.892815</latitude>
		<longitude>-8.492866</longitude>
		<address><![CDATA[]]></address>
		<hours><![CDATA[Mon. - Thurs.:  8am - 9pm<br />Fri.: 8am - 7pm<br />Saturday: 9am-1pm]]></hours>
		<contact><![CDATA[]]></contact>
		<link><![CDATA[]]></link>
		<description><![CDATA[]]></description>
		<icon></icon>
	</entry>
	<entry>
		<code>R2</code>
		<title>Mini Restaurant</title>
		<type>Rest</type>
		<latitude>51.892815</latitude>
		<longitude>-8.492866</longitude>
		<address><![CDATA[]]></address>
		<hours><![CDATA[Mon. - Fri.: 9am - 4pm]]></hours>
		<contact><![CDATA[]]></contact>
		<link><![CDATA[]]></link>
		<description><![CDATA[]]></description>
		<icon></icon>
	</entry>
	<entry>
		<code>R3</code>
		<title>Coffee Dock</title>
		<type>Rest</type>
		<latitude>51.892944</latitude>
		<longitude>-8.490082</longitude>
		<address><![CDATA[]]></address>
		<hours><![CDATA[Mon. - Fri.: 8am - 7.30pm <br />Sat.: 8am - 5pm]]></hours>
		<contact><![CDATA[]]></contact>
		<link><![CDATA[]]></link>
		<description><![CDATA[]]></description>
		<icon></icon>
	</entry>
	<entry>
		<code>R4</code>
		<title>Seomra Caidrimh</title>
		<type>Rest</type>
		<latitude>51.892944</latitude>
		<longitude>-8.490082</longitude>
		<address><![CDATA[]]></address>
		<hours><![CDATA[Mon. - Fri.: 10.30am - 12pm<br />Mon. - Fri.: 3.30pm - 4.45pm]]></hours>
		<contact><![CDATA[]]></contact>
		<link><![CDATA[]]></link>
		<description><![CDATA[]]></description>
		<icon></icon>
	</entry>
	<entry>
		<code>R5</code>
		<title>Kampus Kitchen</title>
		<type>Rest</type>
		<latitude>51.892573</latitude>
		<longitude>-8.493564</longitude>
		<address><![CDATA[]]></address>
		<hours><![CDATA[Mon. - Fri.: 8am - 4pm]]></hours>
		<contact><![CDATA[]]></contact>
		<link><![CDATA[]]></link>
		<description><![CDATA[]]></description>
		<icon></icon>
	</entry>
	<entry>
		<code>R6</code>
		<title>Bio Café</title>
		<type>Rest</type>
		<latitude>51.892597</latitude>
		<longitude>-8.496321</longitude>
		<address><![CDATA[]]></address>
		<hours><![CDATA[Mon. - Fri.: 8am - 4pm]]></hours>
		<contact><![CDATA[]]></contact>
		<link><![CDATA[]]></link>
		<description><![CDATA[]]></description>
		<icon></icon>
	</entry>
	<entry>
		<code>R7</code>
		<title>Brookfield Café</title>
		<type>Rest</type>
		<latitude>51.891607</latitude>
		<longitude>-8.500746</longitude>
		<address><![CDATA[]]></address>
		<hours><![CDATA[Mon. - Thurs.: 8am - 7pm<br />Fri.: 8am - 4pm]]></hours>
		<contact><![CDATA[]]></contact>
		<link><![CDATA[]]></link>
		<description><![CDATA[]]></description>
		<icon></icon>
	</entry>
	<entry>
		<code>R8</code>
		<title>Lee Maltings</title>
		<type>Rest</type>
		<latitude>51.898019</latitude>
		<longitude>-8.483291</longitude>
		<address><![CDATA[]]></address>
		<hours><![CDATA[Mon. - Fri.: 8am - 4pm]]></hours>
		<contact><![CDATA[]]></contact>
		<link><![CDATA[]]></link>
		<description><![CDATA[]]></description>
		<icon></icon>
	</entry>
	<entry>
		<code>R9</code>
		<title>Pharmacy Café</title>
		<type>Rest</type>
		<latitude>51.891951</latitude>
		<longitude>-8.49594</longitude>
		<address><![CDATA[]]></address>
		<hours><![CDATA[Mon. - Fri.: 8am - 4.30pm]]></hours>
		<contact><![CDATA[]]></contact>
		<link><![CDATA[]]></link>
		<description><![CDATA[]]></description>
		<icon></icon>
	</entry>
	<entry>
		<code>R10</code>
		<title>Enterprise Centre</title>
		<type>Rest</type>
		<latitude>51.899648</latitude>
		<longitude>-8.487046</longitude>
		<address><![CDATA[]]></address>
		<hours><![CDATA[Mon. - Fri.: 8am - 4pm]]></hours>
		<contact><![CDATA[]]></contact>
		<link><![CDATA[]]></link>
		<description><![CDATA[]]></description>
		<icon></icon>
	</entry>
	<entry>
		<code>R11</code>
		<title>Old College Bar</title>
		<type>Rest</type>
		<latitude>51.892818</latitude>
		<longitude>-8.493091</longitude>
		<address><![CDATA[]]></address>
		<hours><![CDATA[Mon. - Thurs.: 10.30am - 11pm<br />Fri.: 10.30am - 4pm]]></hours>
		<contact><![CDATA[]]></contact>
		<link><![CDATA[]]></link>
		<description><![CDATA[]]></description>
		<icon></icon>
	</entry>
	<entry>
		<code>R12</code>
		<title>Café Freso</title>
		<type>Rest</type>
		<latitude>51.894755</latitude>
		<longitude>-8.49035</longitude>
		<address><![CDATA[]]></address>
		<hours><![CDATA[Mon. - Fri.: 8.15am - 5pm<br />Sat.: 10am - 5pm<br />Sun.: 12pm - 5pm]]></hours>
		<contact><![CDATA[Email:fresco@glucksman.org<br />Phone: 021 490 1848]]></contact>
		<link><![CDATA[]]></link>
		<description><![CDATA[]]></description>
		<icon></icon>
	</entry>
	<entry>
		<code>R13</code>
		<title>Café Oasis</title>
		<type>Rest</type>
		<latitude>51.893853</latitude>
		<longitude>-8.490145</longitude>
		<address><![CDATA[]]></address>
		<hours><![CDATA[Mon. - Thurs.:  8am - 7pm<br />Friday	08.00	17.30<br />Saturday	10.00	16.00]]></hours>
		<contact><![CDATA[]]></contact>
		<link><![CDATA[]]></link>
		<description><![CDATA[]]></description>
		<icon></icon>
	</entry>
	<entry>
		<code>R14</code>
		<title>Upstairs</title>
		<type>Rest</type>
		<latitude>51.893853</latitude>
		<longitude>-8.490145</longitude>
		<address><![CDATA[]]></address>
		<hours><![CDATA[Mon. - Thurs.:  9am – 4:30pm<br />Friday	09.00	3:00]]></hours>
		<contact><![CDATA[]]></contact>
		<link><![CDATA[]]></link>
		<description><![CDATA[]]></description>
		<icon></icon>
	</entry>
	<entry>
		<code>R15</code>
		<title>Club Áras (New Bar)</title>
		<type>Rest</type>
		<latitude>51.893853</latitude>
		<longitude>-8.490145</longitude>
		<address><![CDATA[]]></address>
		<hours><![CDATA[Mon. - Thurs.:  10am – 11:30pm<br />Friday	10.00	17.30pm]]></hours>
		<contact><![CDATA[]]></contact>
		<link><![CDATA[]]></link>
		<description><![CDATA[]]></description>
		<icon></icon>
	</entry>
	<entry>
		<code>R16</code>
		<title>Western Gateway Building Café</title>
		<type>Rest</type>
		<latitude>51.893</latitude>
		<longitude>-8.50017</longitude>
		<address><![CDATA[]]></address>
		<hours><![CDATA[Mon. - Thurs.:  9am – 4:30pm<br />Friday	09.00	3:00]]></hours>
		<contact><![CDATA[]]></contact>
		<link><![CDATA[]]></link>
		<description><![CDATA[]]></description>
		<icon></icon>
	</entry>
	<!-- Shops -->
	<entry>
		<code>S1</code>
		<title>An Stad</title>
		<type>Shop</type>
		<latitude>51.893853</latitude>
		<longitude>-8.490145</longitude>
		<address><![CDATA[]]></address>
		<hours><![CDATA[Monday - Friday	08.30 - 17.30]]></hours>
		<contact><![CDATA[]]></contact>
		<link><![CDATA[]]></link>
		<description>
			<![CDATA[
			Products available include
			<ul class="bluebullet">
			<li>Full Range of Stationery Stock</li>
			<li>UCC Clothing</li>
			<li>USB Keys, CDR, CDRW, DVDR</li>
			<li>National and International Papers</li>
			<li>Stamps</li>
			<li>Envelopes</li>
			<li>Parking Disks</li>
			<li>Greetings Cards for all occasions</li>
			<li>Train and Bus Éireann Tickets</li>
			<li>Batteries</li>
			<li>Giftware including – Glassware, Pictures and Crested Gifts</li>
			</ul>]]>
		</description>
		<icon></icon>
	</entry>
	<entry>
		<code>S2</code>
		<title>An Siopa</title>
		<type>Shop</type>
		<latitude>51.893853</latitude>
		<longitude>-8.490145</longitude>
		<address><![CDATA[]]></address>
		<hours><![CDATA[Monday - Friday	08.30 -	17.30]]></hours>
		<contact><![CDATA[]]></contact>
		<link><![CDATA[]]></link>
		<description><![CDATA[
			An Siopa is located on the Ground Floor of Áras na Mac Léinn.
			<br />
			Our wide range of products include
			<ul class="bluebullet">
			<li>Sandwiches and Rolls(including Low Fat, No Butter, No Mayo, Weight Watchers, Sandwiches and Wraps)</li>
			<li>Fresh Fruit and Juices</li>
			<li>Water and Minerals</li>
			<li>Energy Drinks</li>
			<li>Chocolate and Sweets</li>
			<li>Crisps and Nuts</li>
			<li>Ice Cream</li>
			<li>Health and Beauty Products</li>
			<li>Call Credit Stamps and Parking Disks</li>
			<li>Biros, Refil Pads and Pencils</li>
			<li>Gluten Free and Sugar Free Products</li>
			<li>Cigarettes</li>
			<li>Fair Trade</li>
			</ul>]]>
		</description>
		<icon></icon>
	</entry>
	<entry>
		<code>S3</code>
		<title>John Smith &amp; Son</title>
		<type>Shop</type>
		<latitude>51.893853</latitude>
		<longitude>-8.490145</longitude>
		<address><![CDATA[]]></address>
		<hours><![CDATA[Monday - Friday	08.30 - 17.30]]></hours>
		<contact><![CDATA[]]></contact>
		<link><![CDATA[]]></link>
		<description>
			<![CDATA[<ul class="bluebullet">
			<li>Academic Text Books</li>
			<li>Stationery</li>
			<li>e-books</li>
			<li>Medical Instruments</li>
			<li>Bestsellers and Bargain Books</li>
			<li>Fair Trade Products</li>
			<li>Cards and Gifts</li>
			</ul>]]>
		</description>
		<icon></icon>
	</entry>
	<entry>
		<code>S4</code>
		<title>Campus Shop</title>
		<type>Shop</type>
		<latitude>51.892897</latitude>
		<longitude>-8.492674</longitude>
		<address><![CDATA[]]></address>
		<hours><![CDATA[Mon. - Fri.: 08.30 - 17.30]]></hours>
		<contact><![CDATA[]]></contact>
		<link><![CDATA[]]></link>
		<description>
			<![CDATA[<ul class="bluebullet">
			<li>Sandwiches and Rolls(including Low Fat, No Butter, No Mayo, Weight Watchers, Sandwiches and Wraps)</li>
			<li>Fresh Fruit and Juices</li>
			<li>Water and Minerals</li>
			<li>Energy Drinks</li>
			<li>Chocolate and Sweets</li>
			<li>Crisps and Nuts</li>
			</ul>]]>
		</description>
		<icon></icon>
	</entry>
	<!-- Student IT Centres -->
	<entry>
		<code>IT1</code>
		<title>Boole Basement</title>
		<type>ITCentre</type>
		<latitude>51.892696</latitude>
		<longitude>-8.491895</longitude>
		<address><![CDATA[]]></address>
		<hours><![CDATA[Mon. - Fri.: 08:30 - 22:30<br/>Sat. - Sun.: 09:00 - 21:00]]></hours>
		<contact><![CDATA[]]></contact>
		<link><![CDATA[]]></link>
		<description><![CDATA[]]></description>
		<icon></icon>
	</entry>
	<entry>
		<code>IT2</code>
		<title>Block A, 4th Floor, Food Science Building </title>
		<type>ITCentre</type>
		<latitude>51.89214</latitude>
		<longitude>-8.496069</longitude>
		<address><![CDATA[]]></address>
		<hours><![CDATA[As per opening of building ]]></hours>
		<contact><![CDATA[]]></contact>
		<link><![CDATA[]]></link>
		<description><![CDATA[]]></description>
		<icon></icon>
	</entry>
	<entry>
		<code>IT3</code>
		<title>Kane Building 3rd Floor </title>
		<type>ITCentre</type>
		<latitude>51.892573</latitude>
		<longitude>-8.493564</longitude>
		<address><![CDATA[]]></address>
		<hours><![CDATA[As per opening of building ]]></hours>
		<contact><![CDATA[]]></contact>
		<link><![CDATA[]]></link>
		<description><![CDATA[]]></description>
		<icon></icon>
	</entry>
	<entry>
		<code>IT4</code>
		<title>Áras na Mac Léinn 3rd Floor</title>
		<type>ITCentre</type>
		<latitude>51.893853</latitude>
		<longitude>-8.490145</longitude>
		<address><![CDATA[]]></address>
		<hours><![CDATA[Mon. - Thurs.:  9am – 10:00pm<br/>Friday	09.00	5:00]]></hours>
		<contact><![CDATA[]]></contact>
		<link><![CDATA[]]></link>
		<description><![CDATA[]]></description>
		<icon></icon>
	</entry>
	<entry>
		<code>IT5</code>
		<title>Upstairs Café</title>
		<type>ITCentre</type>
		<latitude>51.893853</latitude>
		<longitude>-8.490145</longitude>
		<address><![CDATA[]]></address>
		<hours><![CDATA[Mon. - Thurs.:  9am – 4:30pm<br/>Friday	09.00	3:00]]></hours>
		<contact><![CDATA[]]></contact>
		<link><![CDATA[]]></link>
		<description><![CDATA[]]></description>
		<icon></icon>
	</entry>
	<entry>
		<code>IT6</code>
		<title>Boole Library Q, Q+1, Q+2, Q+3 </title>
		<type>ITCentre</type>
		<latitude>51.892997</latitude>
		<longitude>-8.49123</longitude>
		<address><![CDATA[]]></address>
		<hours><![CDATA[As per opening of building ]]></hours>
		<contact><![CDATA[]]></contact>
		<link><![CDATA[]]></link>
		<description><![CDATA[]]></description>
		<icon></icon>
	</entry>
	<entry>
		<code>IT7</code>
		<title>Kampus Kitchen</title>
		<type>ITCentre</type>
		<latitude>51.892573</latitude>
		<longitude>-8.493564</longitude>
		<address><![CDATA[]]></address>
		<hours><![CDATA[Mon. - Fri.: 8am - 4pm]]></hours>
		<contact><![CDATA[]]></contact>
		<link><![CDATA[]]></link>
		<description><![CDATA[]]></description>
		<icon></icon>
	</entry>
	<entry>
		<code>IT8</code>
		<title>Old Pres Connolly Building</title>
		<type>ITCentre</type>
		<latitude>51.896569</latitude>
		<longitude>-8.484825</longitude>
		<address><![CDATA[]]></address>
		<hours><![CDATA[Mon. - Fri.: 08:30 - 18:00<br />Sat. - Sun.: Closed]]></hours>
		<contact><![CDATA[]]></contact>
		<link><![CDATA[]]></link>
		<description><![CDATA[]]></description>
		<icon></icon>
	</entry>
	<entry>
		<code>IT9</code>
		<title>Enterprise Centre, Unit 23</title>
		<type>ITCentre</type>
		<latitude>51.899648</latitude>
		<longitude>-8.487046</longitude>
		<address><![CDATA[]]></address>
		<hours><![CDATA[As per opening of building ]]></hours>
		<contact><![CDATA[]]></contact>
		<link><![CDATA[]]></link>
		<description><![CDATA[]]></description>
		<icon></icon>
	</entry>
	<entry>
		<code>IT10</code>
		<title>Mercy Hospital</title>
		<type>ITCentre</type>
		<latitude>51.898661</latitude>
		<longitude>-8.482647</longitude>
		<address><![CDATA[]]></address>
		<hours><![CDATA[As per opening of building]]></hours>
		<contact><![CDATA[]]></contact>
		<link><![CDATA[]]></link>
		<description><![CDATA[]]></description>
		<icon></icon>
	</entry>
	<entry>
		<code>IT11</code>
		<title>Brookfield Health Sciences Library</title>
		<type>ITCentre</type>
		<latitude>51.891607</latitude>
		<longitude>-8.500746</longitude>
		<address><![CDATA[]]></address>
		<hours><![CDATA[Mon. - Fri.: 09:00 - 17:00<br/>Sat. - Sun.: Closed]]></hours>
		<contact><![CDATA[]]></contact>
		<link><![CDATA[]]></link>
		<description><![CDATA[]]></description>
		<icon></icon>
	</entry>
	<entry>
		<code>IT12</code>
		<title>Brookfield Health Sciences Café</title>
		<type>ITCentre</type>
		<latitude>51.891607</latitude>
		<longitude>-8.500746</longitude>
		<address><![CDATA[]]></address>
		<hours><![CDATA[Mon. - Thurs.: 8am - 7pm<br/>Fri.: 8am - 4pm]]></hours>
		<contact><![CDATA[]]></contact>
		<link><![CDATA[]]></link>
		<description><![CDATA[]]></description>
		<icon></icon>
	</entry>
	<entry>
		<code>IT13</code>
		<title>Victoria Lodge Coffee Shop</title>
		<type>ITCentre</type>
		<latitude>51.89202</latitude>
		<longitude>-8.507237</longitude>
		<address><![CDATA[]]></address>
		<hours><![CDATA[As per opening of building ]]></hours>
		<contact><![CDATA[]]></contact>
		<link><![CDATA[]]></link>
		<description><![CDATA[]]></description>
		<icon></icon>
	</entry>
	<entry>
		<code>IT14</code>
		<title>Western Gateway Building G.23</title>
		<type>ITCentre</type>
		<latitude>51.893</latitude>
		<longitude>-8.500178</longitude>
		<address><![CDATA[]]></address>
		<hours><![CDATA[As per opening of building ]]></hours>
		<contact><![CDATA[]]></contact>
		<link><![CDATA[]]></link>
		<description><![CDATA[]]></description>
		<icon></icon>
	</entry>
	<!-- Student IT Helpdesk -->
	<entry>
		<code>ITH1</code>
		<title>Boole Basement</title>
		<type>ITHelpdesk</type>
		<latitude>51.892696</latitude>
		<longitude>-8.491895</longitude>
		<address><![CDATA[]]></address>
		<hours><![CDATA[Mon. - Fri.: 08:30 - 22:30<br/>Sat. - Sun.: 09:00 - 21:00]]></hours>
		<contact><![CDATA[]]></contact>
		<link><![CDATA[]]></link>
		<description><![CDATA[]]></description>
		<icon></icon>
	</entry>
	<!-- Student IT Photocopying Locations -->
	<entry>
		<code>ITP1</code>
		<title>Boole Library Q, Q+1, Q+2, Q+3 </title>
		<type>ITPhotocopy</type>
		<latitude>51.892997</latitude>
		<longitude>-8.49123</longitude>
		<address><![CDATA[]]></address>
		<hours><![CDATA[As per opening of building ]]></hours>
		<contact><![CDATA[]]></contact>
		<link><![CDATA[]]></link>
		<description><![CDATA[]]></description>
		<icon></icon>
	</entry>
	<entry>
		<code>ITP2</code>
		<title>Brookfield Health Sciences Library 	</title>
		<type>ITPhotocopy</type>
		<latitude>51.891607</latitude>
		<longitude>-8.500746</longitude>
		<address><![CDATA[]]></address>
		<hours><![CDATA[Mon. - Fri.: 09:00 - 17:00<br/>Sat. - Sun.: Closed]]></hours>
		<contact><![CDATA[]]></contact>
		<link><![CDATA[]]></link>
		<description><![CDATA[]]></description>
		<icon></icon>
	</entry>
	<!-- Student IT Printing Locations -->
	<entry>
		<code>ITPR1</code>
		<title>Boole Basement</title>
		<type>ITPrint</type>
		<latitude>51.892696</latitude>
		<longitude>-8.491895</longitude>
		<address><![CDATA[]]></address>
		<hours><![CDATA[Mon. - Fri.: 08:30 - 22:30<br/>Sat. - Sun.: 09:00 - 21:00]]></hours>
		<contact><![CDATA[]]></contact>
		<link><![CDATA[]]></link>
		<description><![CDATA[]]></description>
		<icon></icon>
	</entry>
	<entry>
		<code>ITPR2</code>
		<title>Block A, 4th Floor, Food Science Building </title>
		<type>ITPrint</type>
		<latitude>51.89214</latitude>
		<longitude>-8.496069</longitude>
		<address><![CDATA[]]></address>
		<hours><![CDATA[As per opening of building ]]></hours>
		<contact><![CDATA[]]></contact>
		<link><![CDATA[]]></link>
		<description><![CDATA[]]></description>
		<icon></icon>
	</entry>
	<entry>
		<code>ITPR3</code>
		<title>Kane Building 3rd Floor </title>
		<type>ITPrint</type>
		<latitude>51.892573</latitude>
		<longitude>-8.493564</longitude>
		<address><![CDATA[]]></address>
		<hours><![CDATA[As per opening of building ]]></hours>
		<contact><![CDATA[]]></contact>
		<link><![CDATA[]]></link>
		<description><![CDATA[]]></description>
		<icon></icon>
	</entry>
	<entry>
		<code>ITPR4</code>
		<title>Boole Library Q, Q+1, Q+2, Q+3 </title>
		<type>ITPrint</type>
		<latitude>51.892997</latitude>
		<longitude>-8.49123</longitude>
		<address><![CDATA[]]></address>
		<hours><![CDATA[As per opening of building ]]></hours>
		<contact><![CDATA[]]></contact>
		<link><![CDATA[]]></link>
		<description><![CDATA[]]></description>
		<icon></icon>
	</entry>
	<entry>
		<code>ITPR5</code>
		<title>Old Pres Connolly Building</title>
		<type>ITPrint</type>
		<latitude>51.896569</latitude>
		<longitude>-8.484825</longitude>
		<address><![CDATA[]]></address>
		<hours><![CDATA[Mon. - Fri.: 08:30 - 18:00<br/>Sat. - Sun.: Closed ]]></hours>
		<contact><![CDATA[]]></contact>
		<link><![CDATA[]]></link>
		<description><![CDATA[]]></description>
		<icon></icon>
	</entry>
	<entry>
		<code>ITPR6</code>
		<title>Enterprise Centre, Unit 23</title>
		<type>ITPrint</type>
		<latitude>51.899648</latitude>
		<longitude>-8.487046</longitude>
		<address><![CDATA[]]></address>
		<hours><![CDATA[As per opening of building ]]></hours>
		<contact><![CDATA[]]></contact>
		<link><![CDATA[]]></link>
		<description><![CDATA[]]></description>
		<icon></icon>
	</entry>
	<entry>
		<code>ITPR7</code>
		<title>Brookfield Health Sciences Library</title>
		<type>ITPrint</type>
		<latitude>51.891607</latitude>
		<longitude>-8.500746</longitude>
		<address><![CDATA[]]></address>
		<hours><![CDATA[Mon. - Fri.: 09:00 - 17:00<br/>Sat. - Sun.: Closed 	]]></hours>
		<contact><![CDATA[]]></contact>
		<link><![CDATA[]]></link>
		<description><![CDATA[]]></description>
		<icon></icon>
	</entry>
	<!-- Wifi Access -->
	<entry>
		<code>W1</code>
		<title>WiFi access</title>
		<type>ITWifi</type>
		<latitude>51.892696</latitude>
		<longitude>-8.491895</longitude>
		<address><![CDATA[]]></address>
		<hours><![CDATA[]]></hours>
		<contact><![CDATA[]]></contact>
		<link><![CDATA[]]></link>
		<description><![CDATA[WiFi is available in most public areas of campus including all campus restaurants and cafés. To sign up please visit the Student Helpdesk in the Boole Basement.]]></description>
		<icon></icon>
	</entry>
</locations>