<phones>
<entry><phone access="global">2694/2755</phone><surname soundex="">aan de Wiel</surname><forename soundex="">Jerome</forename><dept soundex="">School of History</dept><office>5 Perrott Ave P/T</office></entry>
<entry><phone access="global">4677</phone><surname soundex="">Abbott</surname><forename soundex="">Isobel</forename><dept soundex="">Biological Earth &amp; Environmental Sciences</dept><office>Lab G.17  Cooperage ZEPS</office></entry>
<entry><phone access="global">1387</phone><surname soundex="">Abhyanker</surname><forename soundex="">Aniket</forename><dept soundex="">School of Food &amp; Nutritional Science</dept><office>Prof Elke Arendt</office></entry>
<entry><phone access="global">1918</phone><surname soundex="">Abi-Lahoud. Elie</surname><forename soundex=""></forename><dept soundex="">Government Risk Compliance Technology Centre</dept><office>Lancaster Hall G.R.C.T.C</office></entry>
<entry><phone access="global">2384</phone><surname soundex="">Abrolva</surname><forename soundex="">Magdalena</forename><dept soundex="">School of Food &amp; Nutritional Science</dept><office>Prof Elke Arendt</office></entry>
<entry><phone access="global">1979/5278</phone><surname soundex="">Achtman</surname><forename soundex="">Mark</forename><dept soundex="">Environmental Research Institute</dept><office>Env.Microbial Genomics G.27/LG.05   Fax 1968</office></entry>
<entry><phone access="global">4686</phone><surname soundex="">Adam</surname><forename soundex="">Ewa</forename><dept soundex="">Tyndall National Institute</dept><office>Staff  ewa.adam@tyndall.ie</office></entry>
<entry><phone access="global">3343</phone><surname soundex="">Adam</surname><forename soundex="">Frederic</forename><dept soundex="">MIS./BIS</dept><office>HISRC Graduate School of Business &amp; Law</office></entry>
<entry><phone access="global">1330</phone><surname soundex="">Adams</surname><forename soundex="">Claire</forename><dept soundex="">Biomerit</dept><office>3.05  Research Associate</office></entry>
<entry><phone access="global">3753</phone><surname soundex="">O hAodhain</surname><forename soundex="">Michael</forename><dept soundex="">School of Applied Social Studies</dept><office>Hayden</office></entry>
<entry><phone access="global">4480</phone><surname soundex="">Zhang</surname><forename soundex="">Panfeng</forename><dept soundex="">Tyndall National Institute</dept><office>Postdoc  panfeng.zhang@tyndall.ie</office></entry>
<entry><phone access="global">4128</phone><surname soundex="">Zhao</surname><forename soundex="">Jian</forename><dept soundex="">Tyndall National Institute</dept><office>Postdoc  jian.zhao@tyndall.ie</office></entry>
<entry><phone access="global">1699</phone><surname soundex="">Zhdanov</surname><forename soundex="">Alexander</forename><dept soundex="">Biochemistry</dept><office>Biophysics &amp; Bioanalysis 1.38 CPB Postdoc Researcher</office></entry>
<entry><phone access="global">1401/1403</phone><surname soundex="">Zheng</surname><forename soundex="">Limian</forename><dept soundex="">Physiology</dept><office>PhD Student BSI  1.28</office></entry>
<entry><phone access="global">4299</phone><surname soundex="">Zheng</surname><forename soundex="">Liqiang</forename><dept soundex="">Tyndall National Institute</dept><office>PhD Student  liqiang.zheng@tyndall.ie</office></entry>
<entry><phone access="global">420 5814/420 5819</phone><surname soundex="">Zhornitskaya</surname><forename soundex="">Liya</forename><dept soundex="">School of Mathematical Sciences</dept><office>Applied Maths  WGB</office></entry>
<entry><phone access="global">1706</phone><surname soundex="">Zhou</surname><forename soundex="">Lin</forename><dept soundex="">ABCRF</dept><office>Lab 2.33/Office2.32</office></entry>
<entry><phone access="global">1723</phone><surname soundex="">Zhu</surname><forename soundex="">Heng Rong</forename><dept soundex="">Microbiology/Alimentary Pharmabiotic Centre</dept><office>4.28</office></entry>
<entry><phone access="global">5153</phone><surname soundex="">Zhu</surname><forename soundex="">Yangwei</forename><dept soundex="">School of Asian Studies</dept><office>Lecturer</office></entry>
<entry><phone access="global">1150/1144</phone><surname soundex="">Ziada</surname><forename soundex="">Hassan</forename><dept soundex="">Dental School &amp; Hospital</dept><office></office></entry>
<entry><phone access="global">1361</phone><surname soundex="">Zielinski</surname><forename soundex="">Marie-Luise</forename><dept soundex="">Biochemistry</dept><office>BSI</office></entry>
<entry><phone access="global"></phone><surname soundex="">Zito</surname><forename soundex="">Domenico</forename><dept soundex="">Electrical &amp; Electronic Engineering</dept><office>Academic</office></entry>
<entry><phone access="global">5601</phone><surname soundex="">Zito</surname><forename soundex="">Domenico</forename><dept soundex="">Tyndall National Institute</dept><office>Postdoc  domenico.zito@tyndall.ie</office></entry>
<entry><phone access="global">1364</phone><surname soundex="">Zomer</surname><forename soundex="">Aldert</forename><dept soundex="">Alimentary Pharmabiotic Centre</dept><office>4.25   Postdoc Fellow</office></entry>
<entry><phone access="global">4267</phone><surname soundex="">Zubialevich</surname><forename soundex="">Vitaly</forename><dept soundex="">Tyndall National Institute</dept><office>vitaly.zubialevich@tyndall.ie</office></entry>
<entry><phone access="global">4113</phone><surname soundex="">Zydor</surname><forename soundex="">Aleksandra</forename><dept soundex="">Tyndall National Institute/Chemistry.</dept><office>PhD Student  aleksandra.zydor@tyndall.ie</office></entry>
<entry><phone access="global">Tyndall Institute</phone><surname soundex="">Zygowska</surname><forename soundex="">Monika</forename><dept soundex="">Chemistry.</dept><office></office></entry>
<entry><phone access="global">5646</phone><surname soundex="">Zygowska</surname><forename soundex="">Monika</forename><dept soundex="">Tyndall National Institute</dept><office>PhD Student   monika.zygowska@tyndall.ie</office></entry>
</phones>
