<locations>
	<entry>
		<title>Accommodation and Student Activities</title>
		<latitude>51.891918</latitude>
		<longitude>-8.492303</longitude>
		<address><![CDATA[UCC Accommodation & Student Activities,<br />College Road,<br />UCC,<br />Cork,<br />Ireland]]></address>
		<hours><![CDATA[<span>Mon. - Fri.</span>9.15 - 17.00<br><span>Sat. - Sun.</span>Closed]]></hours>
		<contact><![CDATA[<span>Phone</span><a href="tel:+353(0)244902475">+353 (0)24 490 2475</a><br><span>Email</span><a href="mailto:asa@ucc.ie">asa@ucc.ie</a>]]></contact>
		<code></code>
		<link><![CDATA[#BuildingInfo]]></link>
		<description></description>
		<icon></icon>
	</entry>
	<entry>
		<title>Student Budgeting Advice Service</title>
		<latitude>51.89407</latitude>
		<longitude>-8.496525</longitude>
		<address><![CDATA[
			1st Floor,<br />1-2 Brighton Villas,<br />(located in Castlewhite apartment complex, Gaol Cross),<br />UCC,<br />Western Road,<br />Cork
		]]></address>
		<hours><![CDATA[
			<span>Mon. - Tue.</span>09:15 – 17:00<br>
		    <span>Wed</span>09:15 – 13:00
	    ]]></hours>
		<contact><![CDATA[
            <span>Phone</span><a href="tel:+353(0)210214902151">+353 (0)21 021 490 2151</a><br>
            <span>Email</span><a href="mailto:studentbudgetingadvice@ucc.ie">studentbudgetingadvice@ucc.ie</a>
		]]></contact>
		<code></code>
		<link></link>
		<description><![CDATA[
			Please make an appointment here: http://www.ucc.ie/en/studentbudget/budgetingappointment
		]]></description>
		<icon></icon>
	</entry>
	<entry>
		<title>Careers Service</title>
		<latitude>51.894076</latitude>
		<longitude>-8.496374</longitude>
		<address><![CDATA[
			3 / 4 Brighton Villas,<br />Western Road,<br />(beside Castlewhite Apts),<br />UCC,<br />Cork,<br />Ireland
		]]></address>
		<hours><![CDATA[
			<span>Mon. - Thur.</span>09:30 - 17:00<br>
		    <span> Fri.</span>09:30 - 16:00
       	]]></hours>
		<contact><![CDATA[
            <span>Phone</span><a href="tel:">+353 (0)21 4902349</a><br>
            <span>Email</span><a href="mailto:careers@ucc.ie">careers@ucc.ie</a>
		]]></contact>
		<code></code>
		<link></link>
		<description></description>
		<icon></icon>
	</entry>
	<entry>
		<title>Chaplaincy</title>
		<latitude>51.892077</latitude>
		<longitude>-8.490761</longitude>
		<address><![CDATA[
			IONA,<br />College Road,<br />Cork
		]]></address>
		<hours><![CDATA[
			<span>Mon. - Fri.</span>09.30 - 13.00
	    ]]></hours>
		<contact><![CDATA[
            <span>Phone</span><a href="tel:">+353 21 490 2459</a><br>
            <span>Email</span><a href="mailto:ionachaplaincy@gmail.com">ionachaplaincy@gmail.com</a>
		]]></contact>
		<code></code>
		<link></link>
		<description></description>
		<icon></icon>
	</entry>
	<entry>
		<title>Crèche Cois Laoi</title>
		<latitude>51.89171</latitude>
		<longitude>-8.50027</longitude>
		<address><![CDATA[
			Brookfield Health Sciences Complex,<br />University College Cork,<br />College Road,<br />Cork
		]]></address>
		<hours><![CDATA[
			<span>Mon. - Fri.</span>08:30 - 17:00
	    ]]></hours>
		<contact><![CDATA[
            <span>Phone</span><a href="tel:">+353 (0)21 4901606</a><br>
            <span>Email</span><a href="mailto:creche@ucc.ie">creche@ucc.ie</a>
		]]></contact>
		<code></code>
		<link></link>
		<description></description>
		<icon></icon>
	</entry>
	<entry>
		<title>Disability Support Service</title>
		<latitude>51.892357</latitude>
		<longitude>-8.49083</longitude>
		<address><![CDATA[
			South Lodge,<br />UCC,<br />College Road,<br />Cork
		]]></address>
		<hours><![CDATA[
			<span>Mon.</span>10.00 – 12.45, 14.15 – 17:00<br>
		    <span>Tue.</span>10.00 – 12.45, 14.15 – 19:00 (term time only)<br>
		    <span>Wed.</span>10.30 – 12.45, 14.15 – 17:00<br>
		    <span>Thur.</span>11.00 – 12.45, 14.15 – 17:00<br>
		    <span>Fri.</span>10.00 – 12.45
	    </p>
    	]]></hours>
		<contact><![CDATA[
            <span>Phone</span><a href="tel:">+353 (0)21 4902985</a><br>
            <span>Email</span><a href="mailto:dssinfo@ucc.ie">dssinfo@ucc.ie</a>
		]]></contact>
		<code></code>
		<link></link>
		<description></description>
		<icon></icon>
	</entry>
	<entry>
		<title>Student Records and Examinations Office</title>
		<latitude>51.893403</latitude>
		<longitude>-8.492617</longitude>
		<address><![CDATA[
			Student Records and Examinations Office,<br />West Wing,<br />University College Cork,<br />Cork
		]]></address>
		<hours><![CDATA[
			<span>Mon. - Fri.</span>09:15 - 17:00
     	]]></hours>
		<contact><![CDATA[
            <span>Phone</span><a href="tel:">+353 (0)21 4902422</a><br>
            <span>Email</span><a href="mailto:exams@ucc.ie">exams@ucc.ie</a>
		]]></contact>
		<code></code>
		<link></link>
		<description><![CDATA[
			Student Records and Examinations is part of the Registrar's Office and manages the following:
			<ul>
				<li>Administration of official written Spring, Summer, Autumn and Winter Examinations</li>
				<li>Official release of results and academic transcripts</li>
				<li>Certification</li>
				<li>Registration</li>
				<li>Issuing of Student ID cards</li>
				<li>Processing of Minor Theses</li>
				<li>Undergraduate, and Postgraduate Scholarship</li>
			</ul>
		]]></description>
		<icon></icon>
	</entry>
	<entry>
		<title>Fees Office</title>
		<latitude>51.893711</latitude>
		<longitude>-8.492306</longitude>
		<address><![CDATA[
			North Wing,<br />Main Quadrangle,<br />UCC 
		]]></address>
		<hours><![CDATA[
			<span>Mon. - Fri.</span>09:15 - 17:00
    	]]></hours>
		<contact><![CDATA[
            <span>Phone</span><a href="tel:">+353 (0)21 490 2678</a><br>
            <span>Email</span><a href="mailto:fees@fin.ucc.ie">fees@fin.ucc.ie</a>
		]]></contact>
		<code></code>
		<link></link>
		<description></description>
		<icon></icon>
	</entry>
	<entry>
		<title>International Education Office</title>
		<latitude>51.894983</latitude>
		<longitude>-8.495395</longitude>
		<address><![CDATA[
			International Education Office,<br />"Roseleigh",<br />Western Road,<br />Cork
		]]></address>
		<hours></hours>
		<contact><![CDATA[
            <span>Phone</span><a href="tel:">+353 (0)21 490 4734</a><br>
            <span>Email</span><a href="mailto:isoffice@ucc.ie">isoffice@ucc.ie</a>
		]]></contact>
		<code></code>
		<link></link>
		<description></description>
		<icon></icon>
	</entry>
	<entry>
		<title>Boole Library</title>
		<latitude>51.893171</latitude>
		<longitude>-8.491195</longitude>
		<address><![CDATA[
			University College Cork,<br />College Road,<br />Cork
		]]></address>
		<hours></hours>
		<contact><![CDATA[
            <span>Phone</span><a href="tel:">+353 21 4902794</a><br>
            <span>Email</span><a href="mailto:library@ucc.ie">library@ucc.ie</a>
		]]></contact>
		<code></code>
		<link></link>
		<description></description>
		<icon></icon>
	</entry>
	<entry>
		<title>Student Counselling &amp; Development</title>
		<latitude>51.892065</latitude>
		<longitude>-8.490613</longitude>
		<address><![CDATA[
			Ardpatrick,<br />College Road,<br />Cork
		]]></address>
		<hours><![CDATA[
			<span>Mornings</span>09.30 - 13.00<br>
		    <span>Afternoons</span>14.15 - 16.15
	    ]]></hours>
		<contact><![CDATA[
            <span>Phone</span><a href="tel:">+353 (0)21 4903565</a><br>
            <span>Email</span><a href="mailto:counselling@ucc.ie<">counselling@ucc.ie</a>
		]]></contact>
		<code></code>
		<link></link>
		<description></description>
		<icon></icon>
	</entry>
	<entry>
		<title>Students’ Union</title>
		<latitude>51.892388</latitude>
		<longitude>-8.490061</longitude>
		<address><![CDATA[
			54 College Road,<br />Cork City
		]]></address>
		<hours></hours>
		<contact><![CDATA[
            <span>Phone</span><a href="tel:">+353 (0)21 490 3218</a><br>
            <span>Email</span><a href="mailto:info@uccsu.ie">info@uccsu.ie</a>
		]]></contact>
		<code></code>
		<link></link>
		<description></description>
		<icon></icon>
	</entry>
</locations>